,,,,,,
Criterio,Descripción del criterio,1,2,3,4,5
Potencial y diferenciación de la solución (15%),¿Qué tan diferente es de lo que ya existe? Se evalúa la Propuesta Única de Valor (PUV) y si la ventaja competitiva es difícil de copiar a corto plazo.,La solución no contiene elementos diferenciadores ni potencial innovador.,La solución presenta elementos diferenciadores debiles y no se percibe potencial innovador.,La solución incorpora elementos diferenciadores pero el potencial innovador es debil.,La solución incorpora elementos diferenciadores y potencial innovador pero no se evidencian mecanismos de protección frente a la competencia.,La solución incorpora elementos diferenciadores y potencial innovador dificiles de copiar a corto plazo.
Madurez y capacidad de iteración (15%),"Examina el estado de desarrollo del producto/servicio, teniendo en cuenta la calidad del prototipo o el PMV, los aprendizajes obtenidos y la capacidad del equipo para iterar a partir de evidencia.","No hay prototipo funcional ni representación clara de la solución, no permite interacción ni validación con usuarios.","Prototipo con baja capacidad de interacción; comunica parcialmente la solución, sin permitir validar funcionalidad, usabilidad o propuesta de valor.","Prototipo con capacidad media de interacción, permite interacción limitada y validación parcial de características, con comunicación general de la solución.","Prototipo funcional e interactivo, permite evaluar usabilidad, conveniencia y coherencia con la propuesta de valor, incorporando varios elementos clave de la solución.","Prototipo funcional e iterativo; permite validar de forma consistente la solución, sus características, beneficios y diferenciación, alineado con la propuesta de valor y sustentado en interacción con usuarios."
Evidencia de captura de valor (20%),"
¿La evidencia presentada demuestra que el mercado no solo valida el problema, sino que está dispuesto a pagar de manera consistente por la solución?",No presenta resultados verificables ,Presenta métricas de difusión de la campaña pero no hay evidencias de validación sobre la intención de compra o disposición a pagar,"Presenta métricas básicas de alcance o tráfico, pero sin análisis de su relación con el público objetivo o con la propuesta de valor.","Presenta métricas de alcance o tráfico con un analisis limitado en  relación con el público objetivo, la propuesta de valor u otros elementos del modelo de negocio.","Demuestra una respuesta significativa y sostenida del público objetivo, con conversiones relevantes y evidencia clara de que los resultados orientaron ajustes en la propuesta de valor, el público objetivo u otros elementos del modelo de negocio."
"Innovación en los componentes  del modelo de negocio (20%)
","Evalúa el grado en que el modelo de negocio presenta elementos diferenciadores o innovadores en sus componentes (propuesta de valor, segmentos, canales, ingresos, relaciones, etc.), así como la coherencia entre estos.","El modelo es completamente tradicional, sin elementos diferenciadores identificables","Presenta intentos de diferenciación, pero son superficiales o poco claros ",Incluye algunos elementos innovadores en uno o dos componentes del modelo,"Presenta diferenciación clara en varios componentes del modelo, con buena coherencia","Modelo altamente innovador, con una propuesta distintiva que redefine la forma de crear y/o capturar valor"
"Claridad, coherencia y estructura de la presentación (15%)","Evalua si la presentación es clara, coherente y estructurada, permitiendo comprender fácilmente los componentes solicitados para la primera junta directiva y durante el tiempo establecido.",Presentación desordenada o incoherente; no se logran comprender claramente los componentes solicitados,Presentación poco organizada; dificulta la comprensión en varios momentos,"Se entiende la idea general, aunque con vacíos o desorden en la estructura",Presentación clara y organizada; pequeñas imprecisiones sin afectar la comprensión de los componentes solicitados,"Presentación perfectamente estructurada, fluida y comprensible; comunica con precisión los componentes solicitados dentro del tiempo establecido."
Actividades en clase (15%),Evalua si el equipo empresarial realizo las actividades de avances solicitadas en el desarrollo de las clases-,"Se solicitaron las siguientes actividades: el diagnostico empresarial, el modelo de negocio y la plantilla de experimentación. La nota resultada del promedio de las tres actividades.",,,,
,,,,,,
Nota: Las evaluaciones se realizarán en una escala de 1 a 5. Se recomienda emplear al menos un decimal para reflejar con mayor precisión el desempeño dentro de cada criterio.,,,,,,
